{"accuracy":0.37310001254081726,"_wandb":{"runtime":160},"loss":1607.0596984624863,"_timestamp":1.7364215929562712e+09,"_runtime":160.404956947,"_step":6}