{"accuracy": 0.10989999771118164, "loss": 2162.7838253974915, "_timestamp": 1736427967.8997438, "_runtime": 104.68663573265076, "_step": 3}