{"Image":{"path":"media/plotly/Image_7_135c225dae57505267ed.plotly.json","_type":"plotly-file","sha256":"135c225dae57505267edb0d0dd97c039b118c4794111ad9bee5153856ed9807e","size":9671},"_wandb":{"runtime":115},"_runtime":115.079355049,"_step":7,"accuracy":0.39436665177345276,"loss":771.0278525352478,"_timestamp":1.7364244084741242e+09}