{"_runtime":91.990767907,"_step":5,"_wandb":{"runtime":92},"accuracy":0.3880999982357025,"loss":778.8966680765152,"_timestamp":1.736421143305231e+09}