{"loss":769.7939262390137,"_timestamp":1.7364240794351084e+09,"_runtime":106.140448029,"_step":6,"_wandb":{"runtime":106},"accuracy":0.39463332295417786}