{"_wandb":{"runtime":108},"_step":6,"accuracy":0.3949333429336548,"loss":771.8987579345703,"_timestamp":1.7364247564755905e+09,"_runtime":108.130901437}