{"_timestamp":1.7364213679540145e+09,"_wandb":{"runtime":121},"_runtime":120.376572906,"_step":6,"accuracy":0.3833000063896179,"loss":784.9118599891663}