{"loss":773.4141893386841,"_timestamp":1.7364249098939881e+09,"_runtime":102.793176931,"Image":{"_type":"plotly-file","sha256":"9cb6e99fd389605269d2eb55701ca02bd32e3cde887a488b4783c0a497b70700","size":9672,"path":"media/plotly/Image_7_9cb6e99fd389605269d2.plotly.json"},"_wandb":{"runtime":102},"_step":7,"accuracy":0.39250001311302185}