{"_timestamp":1.7364209884001632e+09,"_runtime":95.125018829,"_step":5,"_wandb":{"runtime":95},"accuracy":0.38929998874664307,"loss":778.2436830997467}